{"cameraMode":{"drawMode":31,"name":"Sprite Mask","section":"Miscellaneous"},"sceneLighting":true,"audioPlay":false,"sceneViewState":{"showFog":false,"showMaterialUpdate":false,"showSkybox":false,"showFlares":false,"showImageEffects":false,"showParticleSystems":false},"in2DMode":false,"pivot":{"x":-0.8908820152282715,"y":1.5453941822052003,"z":-0.021682754158973695},"rotation":{"x":-0.2931574881076813,"y":0.19161951541900636,"z":-0.060097478330135348,"w":-0.9347381591796875},"size":37.98386764526367,"orthographic":false}