{"cameraMode":{"drawMode":31,"name":"Sprite Mask","section":"Miscellaneous"},"sceneLighting":true,"audioPlay":false,"sceneViewState":{"showFog":false,"showMaterialUpdate":false,"showSkybox":false,"showFlares":false,"showImageEffects":false,"showParticleSystems":false},"in2DMode":false,"pivot":{"x":3.402798891067505,"y":2.1149063110351564,"z":0.9472157955169678},"rotation":{"x":-0.1854473352432251,"y":0.6933836340904236,"z":-0.19213083386421204,"w":-0.6692638993263245},"size":32.39555358886719,"orthographic":false}